{
	"Capture": {
		"AbsoluteBlackLevelOffset": 0,
		"AutoBlackLevel": false,
		"AutoExposure": true,
		"AutoGain": true,
		"Binning": 1,
		"BlackLevelOffset": 1,
		"Exposure": 9.99999999999999822,
		"FlashDelay": -0.0500000000000000028,
		"FlexView": false,
		"FrontLight": false,
		"Gain": 3.85999999999999988,
		"GainBoost": false,
		"HardwareGamma": false,
		"Hdr": false,
		"MaxFlashTime": 10,
		"MaxGain": 4,
		"PixelClock": 43,
		"Projector": true,
		"TargetBrightness": 80,
		"TriggerMode": "Software",
		"Triggered": false,
		"UseDisparityMapAreaOfInterest": false
	},
	"DisparityMap": {
		"AreaOfInterest": {
			"LeftTop": [
				0,
				0
			],
			"RightBottom": [
				1279,
				1023
			]
		},
		"MeasurementVolume": {
			"Far": {
				"DisparityStep": 51.2779625616145154,
				"LeftBottom": [
					-1091.39106700189495,
					1128.12724659654896,
					2309.60507772492838
				],
				"LeftTop": [
					-1091.39106700189495,
					-1159.80893610153066,
					2309.60507772492838
				],
				"PixelSize": 2.23649675728062514,
				"RightBottom": [
					1270.34950868644523,
					1128.12724659654896,
					2309.60507772492838
				],
				"RightTop": [
					1270.34950868644523,
					-1159.80893610153066,
					2309.60507772492838
				]
			},
			"Near": {
				"DisparityStep": 1.45877783687139662,
				"LeftBottom": [
					-184.081266026123131,
					190.277434066350622,
					389.553332057123328
				],
				"LeftTop": [
					-184.081266026123131,
					-195.621078237769751,
					389.553332057123328
				],
				"PixelSize": 0.377222397169228063,
				"RightBottom": [
					214.265585384581755,
					190.277434066350622,
					389.553332057123328
				],
				"RightTop": [
					214.265585384581755,
					-195.621078237769751,
					389.553332057123328
				]
			}
		},
		"PostProcessing": {
			"Filling": {
				"BorderSpread": 15,
				"RegionSize": 282
			},
			"MedianFilterRadius": 1,
			"SpeckleRemoval": {
				"ComponentThreshold": 3,
				"RegionSize": 56
			},
			"UniquenessOffset": 16,
			"UniquenessRatio": 2
		},
		"Scaling": 1,
		"StereoMatching": {
			"CostScale": -3,
			"DepthChangeCost": 21,
			"DepthStepCost": 101,
			"MinimumDisparity": -181,
			"NumberOfDisparities": 224,
			"OptimizationProfile": "AlignedAndDiagonal",
			"PropagationDecay": 3,
			"ScaledMinimumDisparity": -181,
			"ScaledNumberOfDisparities": 224,
			"ShadowingThreshold": 1
		},
		"ValidRegion": {
			"LeftTop": [
				42,
				0
			],
			"RightBottom": [
				1098,
				1023
			]
		}
	},
	"IO": {
		"Input": false,
		"Output": 9.99999999999999822
	},
	"Overlay": {
		"Text": {
			"Angle": 0,
			"Color": [
				255,
				0,
				0
			],
			"Mirror": {
				"Horizontal": false,
				"Vertical": false
			}
		}
	}
}